haltung;ort;strasse;profil;material;meter;en_code;beschreibung;uhr_von;uhr_bis;stufe;timestamp_video;foto_datei;foto_nr
07.1026776-10.1064901;6487 Göschenen;Unterdorfstrasse;Kreisprofil 100 / 100mm;Polypropylen;1.6;BCCBB;"Allgemeinzustand, Fotobeispiel Position Pos: 5; Bogen nach rechts unten, Winkel = 45°";5;5;;00:00:36;;42
07.1026776-10.1064901;6487 Göschenen;Unterdorfstrasse;Kreisprofil 100 / 100mm;Polypropylen;3.1;BCCAA;"Bogen nach links unten, Winkel = 30° Pos: 3; Bogen nach links oben, Winkel = 45°";3;3;;00:01:04;;44
07.1026776-10.1064901;6487 Göschenen;Unterdorfstrasse;Kreisprofil 100 / 100mm;Polypropylen;3.5;BCE;Rohrende, Einlauf in Leitung Position;;;;00:01:12;;45
07.1026777-10.1064902;6487 Göschenen;Unterdorfstrasse;Kreisprofil 100 / 100mm;Polypropylen;0.0;BDA;Allgemeine Anmerkung, Keine Inspektion möglich,DW kann nicht demontiert werden Position Allgemeinzustand, Fotobeispiel Position;;;;;;90
07.1026777-10.1064902;6487 Göschenen;Unterdorfstrasse;Kreisprofil 100 / 100mm;Polypropylen;0.0;BDA;Allgemeinzustand, Fotobeispiel, Leitung kann nur mit Sat gefilmt werden. Position;;;;;;91
07.1026781-1042614;6487 Göschenen;Unterdorfstrasse;Kreisprofil 125 / 125mm;Polyethylen;0.0;BDA;Anschluss mit Formstück, Höhe = 0mm, Breite = 0mm Entf. gegen Fließr. 0,20 m Allgemeinzustand, Fotobeispiel Entf. gegen Fließr. 0,20 m Position;2;2;;00:00:33;;198
07.1026781-1042614;6487 Göschenen;Unterdorfstrasse;Kreisprofil 125 / 125mm;Polyethylen;0.0;BCCYA;"Rohrprofilwechsel: Kreisprofil, Höhe = 100mm, Breite = 100mm, Durchmesser nicht messbar Entf. gegen Fließr. 0,40 m Position Pos: 12; Bogen nach oben, Winkel = 90° Entf. gegen Fließr. 1,20 m";12;12;;00:01:14;;200
07.1026781-1042614;6487 Göschenen;Unterdorfstrasse;Kreisprofil 125 / 125mm;Polyethylen;0.0;BCE;Rohrende, DW Entf. gegen Fließr. 1,40 m Position;;;;00:01:23;;201
07.1026782-1042614;6487 Göschenen;Unterdorfstrasse;Kreisprofil 80 / 80mm;Polypropylen;0.0;BCCYA;"Allgemeinzustand, Fotobeispiel Entf. gegen Fließr. 0,70 m Position Pos: 12; Bogen nach oben, Winkel = 90° Entf. gegen Fließr. 1,50 m";12;12;;00:00:35;;203
07.1026782-1042614;6487 Göschenen;Unterdorfstrasse;Kreisprofil 80 / 80mm;Polypropylen;0.0;BCE;Rohrende, DW Entf. gegen Fließr. 1,70 m Position;;;;00:00:44;;204
07.1027117-9967;6487 Göschenen;Unterdorfstrasse;Kreisprofil 100 / 100mm;Polypropylen;0.0;BDA;Bogen nach oben, Winkel = 45° Entf. gegen Fließr. 0,40 m Allgemeinzustand, Fotobeispiel Entf. gegen Fließr. 0,50 m Position;12;12;;00:00:36;;126
07.1027117-9967;6487 Göschenen;Unterdorfstrasse;Kreisprofil 100 / 100mm;Polypropylen;0.0;BCE;Bogen nach oben, Winkel = 45° Entf. gegen Fließr. 0,90 m Rohrende, DW Entf. gegen Fließr. 1,00 m Position;12;12;;00:00:53;;128
07.1027174-9327;6487 Göschenen;Unterdorfstrasse;Kreisprofil 125 / 125mm;Polypropylen;0.0;BCCYA;"Allgemeinzustand, Fotobeispiel Entf. gegen Fließr. 0,40 m Position Pos: 12; Bogen nach oben, Winkel = 45° Entf. gegen Fließr. 1,20 m";12;12;;00:00:32;;134
07.1027174-9327;6487 Göschenen;Unterdorfstrasse;Kreisprofil 125 / 125mm;Polypropylen;0.0;BCE;Bogen nach oben, Winkel = 45° Entf. gegen Fließr. 1,40 m Rohrende, DW Entf. gegen Fließr. 1,50 m Position;12;12;;00:00:52;;136
07.1027615-10.1064916;6487 Göschenen;Unterdorfstrasse;Kreisprofil 125 / 125mm;Polypropylen;0.0;BCD;Rohranfang, Einbau nicht möglich, DW nicht demontierbar Entf. gegen Fließr. 0,00 m Position;;;;;;269
07.1027620-1042598;6487 Göschenen;Unterdorfstrasse;Kreisprofil 150 / 150mm;Polypropylen;0.0;BCCYA;"Rohrprofilwechsel: Kreisprofil, Höhe = 100mm, Breite = 100mm, Durchmesser nicht messbar Entf. gegen Fließr. 0,20 m Position Pos: 12; Bogen nach oben, Winkel = 45° Entf. gegen Fließr. 0,40 m";12;12;;00:00:28;;60
07.1027620-1042598;6487 Göschenen;Unterdorfstrasse;Kreisprofil 150 / 150mm;Polypropylen;0.0;BCCYB;"Bogen nach unten, Winkel = 30° Entf. gegen Fließr. 1,40 m Pos: 6; Bogen nach unten, Winkel = 30° Entf. gegen Fließr. 1,50 m";6;6;;00:01:19;;62
07.1027620-1042598;6487 Göschenen;Unterdorfstrasse;Kreisprofil 150 / 150mm;Polypropylen;0.0;BDA;Rohrmaterialwechsel: Polyethylen Entf. gegen Fließr. 1,70 m Position Allgemeinzustand, Fotobeispiel Entf. gegen Fließr. 2,70 m Position;;;;00:01:55;;64
07.1027620-1042598;6487 Göschenen;Unterdorfstrasse;Kreisprofil 150 / 150mm;Polypropylen;0.0;BCCAA;"Bogen nach links oben, Winkel = 45° Entf. gegen Fließr. 3,90 m Pos: 11; Bogen nach links oben, Winkel = 45° Entf. gegen Fließr. 4,10 m";11;11;;00:02:27;;66
07.1027620-1042598;6487 Göschenen;Unterdorfstrasse;Kreisprofil 150 / 150mm;Polypropylen;0.0;BDB;Anderer Grund für Abbruch der Inspektion, Kamera kommt nicht weiter. Bogen Entf. gegen Fließr. 4,20 m Position Auftraggeber verzichtet auf weitere Untersuchung Entf. gegen Fließr. 4,20 m Position;;;;00:02:39;;68
07.1027621-10287;6487 Göschenen;Unterdorfstrasse;Kreisprofil 125 / 125mm;Polypropylen;0.0;BCCAA;"Bogen nach links unten, Winkel = 45° Entf. gegen Fließr. 0,80 m Pos: 3; Bogen nach links oben, Winkel = 45° Entf. gegen Fließr. 0,90 m";3;3;;00:00:44;;85
07.1027621-10287;6487 Göschenen;Unterdorfstrasse;Kreisprofil 125 / 125mm;Polypropylen;0.0;BDA;Rohrmaterialwechsel: Polyvinylchlorid Entf. gegen Fließr. 0,90 m Position Allgemeinzustand, Fotobeispiel Entf. gegen Fließr. 1,80 m Position;;;;00:01:01;;87
07.1027621-10287;6487 Göschenen;Unterdorfstrasse;Kreisprofil 125 / 125mm;Polypropylen;0.0;BDCZB;Anderer Grund für Abbruch der Inspektion, Auftraggeber verzichtet auf weitere Inspektion Entf. gegen Fließr. 9,60 m Position;;;;00:01:51;;88
07.1027622-10285;6487 Göschenen;Unterdorfstrasse;Kreisprofil 110 / 110mm;Polypropylen;0.0;BCCBY;Bogen nach rechts, Winkel = ° Entf. gegen Fließr. 0,30 m Position Bogen nach rechts, Winkel = ° Entf. gegen Fließr. 0,80 m Position;;;;00:00:47;;49
07.1027622-10285;6487 Göschenen;Unterdorfstrasse;Kreisprofil 110 / 110mm;Polypropylen;0.0;BAFZE;"Andersartiger Oberflächenschaden, Ursache nicht eindeutig feststellbar, Loch Entf. gegen Fließr. 1,70 m Pos: 1; Andersartiger Oberflächenschaden, Ursache nicht eindeutig feststellbar, Loch Entf. gegen Fließr. 1,70 m";1;1;;00:01:16;;50
07.1027622-10285;6487 Göschenen;Unterdorfstrasse;Kreisprofil 110 / 110mm;Polypropylen;0.0;BAAA;"Andersartiger Oberflächenschaden, Ursache nicht eindeutig feststellbar, Loch Entf. gegen Fließr. 1,70 m Pos: 2; Rohr vertikal deformiert, Querschnittsreduzierung = % Entf. gegen Fließr. 2,60 m";2;2;;00:02:46;;53
07.1027622-10285;6487 Göschenen;Unterdorfstrasse;Kreisprofil 110 / 110mm;Polypropylen;0.0;BCCYA;Bogen nach rechts, Winkel = ° Entf. gegen Fließr. 2,70 m Position Bogen nach oben, Winkel = ° Entf. gegen Fließr. 3,00 m Position;;;;00:04:09;;55
07.1027622-10285;6487 Göschenen;Unterdorfstrasse;Kreisprofil 110 / 110mm;Polypropylen;0.0;BCE;Rohrende, DW Fallstrang erreicht Entf. gegen Fließr. 3,30 m Position;;;;00:04:30;;56
07.1027624-10285;6487 Göschenen;Unterdorfstrasse;Kreisprofil 125 / 125mm;Polypropylen;0.0;BCCYA;Allgemeinzustand, Fotobeispiel Entf. gegen Fließr. 2,80 m Position Bogen nach oben, Winkel = ° Entf. gegen Fließr. 3,90 m Position;;;;00:01:08;;58
07.1027624-10285;6487 Göschenen;Unterdorfstrasse;Kreisprofil 125 / 125mm;Polypropylen;0.0;BCE;Rohrende, DW Fallstrang erreicht Entf. gegen Fließr. 4,30 m Position;;;;00:01:23;;59
07.1028024-10417;6487 Göschenen;Unterdorfstrasse;Kreisprofil 125 / 125mm;Polypropylen;0.0;BCCAA;"Rohrprofilwechsel: Kreisprofil, Höhe = 100mm, Breite = 100mm, Durchmesser nicht messbar Entf. gegen Fließr. 0,20 m Position Pos: 3; Bogen nach links oben, Winkel = 30° Entf. gegen Fließr. 0,30 m";3;3;;00:00:26;;225
07.1028024-10417;6487 Göschenen;Unterdorfstrasse;Kreisprofil 125 / 125mm;Polypropylen;0.0;AEDXO;Allgemeinzustand, Fotobeispiel Entf. gegen Fließr. 2,40 m Position Rohrmaterialwechsel: Polyethylen Entf. gegen Fließr. 2,80 m Position;;;;00:01:04;;227
07.1028024-10417;6487 Göschenen;Unterdorfstrasse;Kreisprofil 125 / 125mm;Polypropylen;0.0;BCAAA;"Bogen nach links oben, Winkel = 45° Entf. gegen Fließr. 4,00 m Pos: 12; Anschluss mit Formstück, Höhe = 0mm, Breite = 0mm Entf. gegen Fließr. 4,30 m";12;12;;00:01:34;;229
07.1028024-10417;6487 Göschenen;Unterdorfstrasse;Kreisprofil 125 / 125mm;Polypropylen;0.0;BCAAA;"Allgemeinzustand, Fotobeispiel, Foto 2 zu Station BCA.A.A Entf. gegen Fließr. 4,30 m Pos: 9; Anschluss mit Formstück, Höhe = 0mm, Breite = 0mm Entf. gegen Fließr. 4,40 m";9;9;;00:01:59;;231
07.1028024-10417;6487 Göschenen;Unterdorfstrasse;Kreisprofil 125 / 125mm;Polypropylen;0.0;BCCYA;"Allgemeinzustand, Fotobeispiel, Foto 2 zu Station BCA.A.A Entf. gegen Fließr. 4,40 m Pos: 12; Bogen nach oben, Winkel = 90° Entf. gegen Fließr. 4,90 m";12;12;;00:02:26;;233
07.1028024-10417;6487 Göschenen;Unterdorfstrasse;Kreisprofil 125 / 125mm;Polypropylen;0.0;BCE;Rohrende, FS Entf. gegen Fließr. 5,20 m Position;;;;00:02:34;;234
07.1028025-10.1065931;6487 Göschenen;Unterdorfstrasse;Kreisprofil 125 / 125mm;Polypropylen;0.0;BCD;Rohranfang, Einbau nicht möglich, DW nicht demontierbar Entf. gegen Fließr. 0,00 m Position;;;;;;268
07.1028035-10525;6487 Göschenen;Unterdorfstrasse;Kreisprofil 125 / 125mm;Polypropylen;0.0;BCCBA;"Allgemeinzustand, Fotobeispiel Entf. gegen Fließr. 3,10 m Position Pos: 2; Bogen nach rechts oben, Winkel = 30° Entf. gegen Fließr. 5,70 m";2;2;;00:01:01;;70
07.1028035-10525;6487 Göschenen;Unterdorfstrasse;Kreisprofil 125 / 125mm;Polypropylen;0.0;BCCYA;"Bogen nach rechts oben, Winkel = 30° Entf. gegen Fließr. 5,90 m Pos: 12; Bogen nach oben, Winkel = 30° Entf. gegen Fließr. 6,30 m";12;12;;00:01:39;;72
07.1028035-10525;6487 Göschenen;Unterdorfstrasse;Kreisprofil 125 / 125mm;Polypropylen;0.0;BCE;Rohrende, DW Entf. gegen Fließr. 6,40 m Position;;;;00:01:52;;73
07.1028048-10.1064903;6487 Göschenen;Unterdorfstrasse;Kreisprofil 125 / 125mm;Polypropylen;1.6;BDA;Bogen nach links oben, Winkel = 45° Allgemeinzustand, Fotobeispiel Position;3;3;;00:00:46;;32
07.1028048-10.1064903;6487 Göschenen;Unterdorfstrasse;Kreisprofil 125 / 125mm;Polypropylen;3.4;BCCAY;"Bogen nach links, Winkel = 20° Pos: 9; Bogen nach links, Winkel = 45°";9;9;;00:01:09;;34
07.1028048-10.1064903;6487 Göschenen;Unterdorfstrasse;Kreisprofil 125 / 125mm;Polypropylen;3.9;BCE;Rohrende, Einlauf in Leitung Position;;;;00:01:17;;35
07.1028050-1042608;6487 Göschenen;Unterdorfstrasse;Kreisprofil 110 / 110mm;Polypropylen;0.0;BCCYB;Bogen nach oben, Winkel = ° Entf. gegen Fließr. 0,30 m Position Bogen nach unten, Winkel = °, in die Horizontale. Entf. gegen Fließr. 1,00 m Position;;;;00:00:50;;76
07.1028050-1042608;6487 Göschenen;Unterdorfstrasse;Kreisprofil 110 / 110mm;Polypropylen;0.0;BCCYA;Allgemeinzustand, Fotobeispiel Entf. gegen Fließr. 2,80 m Position Bogen nach oben, Winkel = ° Entf. gegen Fließr. 5,40 m Position;;;;00:01:52;;78
07.1028050-1042608;6487 Göschenen;Unterdorfstrasse;Kreisprofil 110 / 110mm;Polypropylen;0.0;BCE;Rohrende, DW Fallstrang erreicht Entf. gegen Fließr. 5,80 m Position;;;;00:02:08;;79
07.1028064-1042606;6487 Göschenen;Unterdorfstrasse;Kreisprofil 110 / 110mm;Polypropylen;0.0;BCCAB;Bogen nach oben, Winkel = ° Entf. gegen Fließr. 0,40 m Position Bogen nach links unten, Winkel = °, in die Horizontale. Entf. gegen Fließr. 1,70 m Position;;;;00:00:53;;20
07.1028064-1042606;6487 Göschenen;Unterdorfstrasse;Kreisprofil 110 / 110mm;Polypropylen;0.0;BCE;Bogen nach oben, Winkel = ° Entf. gegen Fließr. 3,00 m Position Rohrende, DW Fallstrang erreicht Entf. gegen Fließr. 3,40 m Position;;;;00:01:47;;22
07.1039983-9788;6487 Göschenen;Unterdorfstrasse;Kreisprofil 150 / 150mm;Polypropylen;0.0;BCCAY;"Bogen nach links, Winkel = 45° Entf. gegen Fließr. 1,00 m Pos: 9; Bogen nach links, Winkel = 45° Entf. gegen Fließr. 1,10 m";9;9;;00:00:33;;211
07.1039983-9788;6487 Göschenen;Unterdorfstrasse;Kreisprofil 150 / 150mm;Polypropylen;0.0;AEDXO;Bogen nach links oben, Winkel = 45° Entf. gegen Fließr. 1,80 m Rohrmaterialwechsel: Polyethylen Entf. gegen Fließr. 1,90 m Position;3;3;;00:00:53;;213
07.1039983-9788;6487 Göschenen;Unterdorfstrasse;Kreisprofil 150 / 150mm;Polypropylen;0.0;BDA;Bogen nach links oben, Winkel = 45° Entf. gegen Fließr. 3,30 m Allgemeinzustand, Fotobeispiel Entf. gegen Fließr. 4,60 m Position;3;3;;00:01:29;;215
07.1039983-9788;6487 Göschenen;Unterdorfstrasse;Kreisprofil 150 / 150mm;Polypropylen;0.0;BDCZB;Bogen nach links oben, Winkel = 45° Entf. gegen Fließr. 7,60 m Anderer Grund für Abbruch der Inspektion, Auftraggeber verzichtet auf weitere Inspektion Entf. gegen Fließr. 7,90 m Position;3;3;;00:02:04;;217
07.1048859-1042601;6487 Göschenen;Unterdorfstrasse;Kreisprofil 125 / 125mm;Polypropylen;0.0;BCCAA;"Bogen nach links oben, Winkel = 45° Entf. gegen Fließr. 0,20 m Pos: 3; Bogen nach links oben, Winkel = 45° Entf. gegen Fließr. 0,50 m";3;3;;00:00:41;;181
07.1048859-1042601;6487 Göschenen;Unterdorfstrasse;Kreisprofil 125 / 125mm;Polypropylen;0.0;BDA;Bogen nach links, Winkel = 45° Entf. gegen Fließr. 0,90 m Allgemeinzustand, Fotobeispiel Entf. gegen Fließr. 2,30 m Position;9;9;;00:01:14;;183
07.1048859-1042601;6487 Göschenen;Unterdorfstrasse;Kreisprofil 125 / 125mm;Polypropylen;0.0;BCCAY;"Pos: 7 - 2; Einragendes Dichtungsmaterial, Querschnittsreduzierung = 2%, an Verbindung, Mörtel Entf. gegen Fließr. 7,20 m Verbindung Pos: 9; Bogen nach links, Winkel = 20° Entf. gegen Fließr. 7,30 m";9;9;;00:02:28;;185
07.1048859-1042601;6487 Göschenen;Unterdorfstrasse;Kreisprofil 125 / 125mm;Polypropylen;0.0;BCCAY;"Bogen nach links, Winkel = 60° Entf. gegen Fließr. 10,30 m Pos: 9; Bogen nach links, Winkel = 45° Entf. gegen Fließr. 12,20 m";9;9;;00:03:21;;187
07.1048859-1042601;6487 Göschenen;Unterdorfstrasse;Kreisprofil 125 / 125mm;Polypropylen;0.0;BCCAY;"Bogen nach links oben, Winkel = 45° Entf. gegen Fließr. 13,60 m Pos: 9; Bogen nach links, Winkel = 45° Entf. gegen Fließr. 13,90 m";9;9;;00:03:52;;189
07.1048859-1042601;6487 Göschenen;Unterdorfstrasse;Kreisprofil 125 / 125mm;Polypropylen;0.0;BCE;Rohrende, Blindende in ca. 0.6m Entf. gegen Fließr. 15,00 m Position;;;;00:04:30;;190
07.106489-10750;6487 Göschenen;Unterdorfstrasse;Kreisprofil 150 / 150mm;Polypropylen;0.0;BCCBB;"Bogen nach links oben, Winkel = 30° Entf. gegen Fließr. 0,40 m Pos: 4; Bogen nach rechts unten, Winkel = 45°, In die Horizontale Entf. gegen Fließr. 1,60 m";4;4;;00:00:56;;2
07.106489-10750;6487 Göschenen;Unterdorfstrasse;Kreisprofil 150 / 150mm;Polypropylen;0.0;BAFAE;"Rohrmaterialwechsel: Normalbeton Entf. gegen Fließr. 1,90 m Position Anfang (1): Pos: 5 - 7; Rauhe Rohrwandung, Ursache nicht eindeutig feststellbar Entf. gegen Fließr. 1,90 m";5;5;;00:01:55;;4
07.106489-10750;6487 Göschenen;Unterdorfstrasse;Kreisprofil 150 / 150mm;Polypropylen;0.0;BDA;"Anschluss mit Formstück, Höhe = 0mm, Breite = 0mm Entf. gegen Fließr. 5,70 m Pos: 2; Allgemeinzustand, Fotobeispiel, Foto 2 zu Station BCA.A.A Entf. gegen Fließr. 5,70 m";2;2;;00:02:35;;6
07.106489-10750;6487 Göschenen;Unterdorfstrasse;Kreisprofil 150 / 150mm;Polypropylen;0.0;AEDXJ;Bogen nach rechts oben, Winkel = 20° Entf. gegen Fließr. 6,20 m Rohrmaterialwechsel: Duktiler Guss Entf. gegen Fließr. 6,50 m Position;1;1;;00:03:31;;8
07.106489-10750;6487 Göschenen;Unterdorfstrasse;Kreisprofil 150 / 150mm;Polypropylen;0.0;AECXC;Rohrprofilwechsel: Kreisprofil, Höhe = 0mm, Durchmesser nicht messbar Entf. gegen Fließr. 6,50 m Position;;;;00:03:33;;9
07.1064896-1042608;6487 Göschenen;Unterdorfstrasse;Kreisprofil 200 / 200mm;Polypropylen;0.0;BCE;Allgemeinzustand, Fotobeispiel Entf. gegen Fließr. 3,20 m Position Rohrende, Blindende Entf. gegen Fließr. 5,30 m Position;;;;00:01:04;;65
07.1064899-1042598;6487 Göschenen;Unterdorfstrasse;Kreisprofil 150 / 150mm;Polypropylen;0.0;AECXC;Bogen nach oben, Winkel = 30° Entf. gegen Fließr. 0,20 m Rohrprofilwechsel: Kreisprofil, Höhe = 100mm, Breite = 100mm, Durchmesser nicht messbar Entf. gegen Fließr. 2,10 m Position;12;12;;00:00:47;;47
07.1064899-1042598;6487 Göschenen;Unterdorfstrasse;Kreisprofil 150 / 150mm;Polypropylen;0.0;AEDXR;Bogen nach links unten, Winkel = 45°, In die Horizontale Entf. gegen Fließr. 2,70 m Rohrmaterialwechsel: Kunststoff unbekannt Entf. gegen Fließr. 2,90 m Position;7;7;;00:01:00;;49
07.1064899-1042598;6487 Göschenen;Unterdorfstrasse;Kreisprofil 150 / 150mm;Polypropylen;0.0;BCAAA;"Allgemeinzustand, Fotobeispiel Entf. gegen Fließr. 5,20 m Position Pos: 9; Anschluss mit Formstück, Höhe = 0mm, Breite = 0mm Entf. gegen Fließr. 9,20 m";9;9;;00:01:51;;51
07.1064899-1042598;6487 Göschenen;Unterdorfstrasse;Kreisprofil 150 / 150mm;Polypropylen;0.0;BCAAA;"Allgemeinzustand, Fotobeispiel, Foto 2 zu Station BCA.A.A Entf. gegen Fließr. 9,20 m Pos: 3; Anschluss mit Formstück, Höhe = 0mm, Breite = 0mm Entf. gegen Fließr. 11,50 m";3;3;;00:02:17;;53
07.1064899-1042598;6487 Göschenen;Unterdorfstrasse;Kreisprofil 150 / 150mm;Polypropylen;0.0;BCCYA;"Allgemeinzustand, Fotobeispiel, Foto 2 zu Station BCA.A.A Entf. gegen Fließr. 11,50 m Pos: 12; Bogen nach oben, Winkel = 45° Entf. gegen Fließr. 12,80 m";12;12;;00:02:42;;55
07.1064899-1042598;6487 Göschenen;Unterdorfstrasse;Kreisprofil 150 / 150mm;Polypropylen;0.0;BCCYB;"Bogen nach oben, Winkel = 45° Entf. gegen Fließr. 13,00 m Pos: 6; Bogen nach unten, Winkel = 45°, In die Horizontale Entf. gegen Fließr. 13,10 m";6;6;;00:03:04;;57
07.1064899-1042598;6487 Göschenen;Unterdorfstrasse;Kreisprofil 150 / 150mm;Polypropylen;0.0;BCCYA;Bogen nach oben, Winkel = 45° Entf. gegen Fließr. 13,70 m;12;12;;00:03:30;;58
07.1064961-07.1064960;6487 Göschenen;Unterdorfstrasse;Kreisprofil 100 / 100mm;Polypropylen;0.0;BDA;Rohranfang, Einlauf in Leitung Entf. gegen Fließr. 0,00 m Position Allgemeinzustand, Fotobeispiel Entf. gegen Fließr. 0,80 m Position;;;;00:00:47;;331
07.1064961-07.1064960;6487 Göschenen;Unterdorfstrasse;Kreisprofil 100 / 100mm;Polypropylen;0.0;BCCYA;"Bogen nach oben, Winkel = 45° Entf. gegen Fließr. 2,90 m Pos: 12; Bogen nach oben, Winkel = 45° Entf. gegen Fließr. 3,00 m";12;12;;00:01:16;;333
07.1064961-07.1064960;6487 Göschenen;Unterdorfstrasse;Kreisprofil 100 / 100mm;Polypropylen;0.0;BCE;Rohrende, DW Entf. gegen Fließr. 3,20 m Position;;;;00:01:31;;334
07.664458-9327;6487 Göschenen;Unterdorfstrasse;Kreisprofil 125 / 125mm;Polypropylen;0.0;BCCYA;"Allgemeinzustand, Fotobeispiel Entf. gegen Fließr. 0,90 m Position Pos: 12; Bogen nach oben, Winkel = 45° Entf. gegen Fließr. 2,50 m";12;12;;00:00:39;;146
07.664458-9327;6487 Göschenen;Unterdorfstrasse;Kreisprofil 125 / 125mm;Polypropylen;0.0;BCE;Bogen nach oben, Winkel = 45° Entf. gegen Fließr. 2,70 m Rohrende, DW Entf. gegen Fließr. 2,90 m Position;12;12;;00:00:55;;148
07.664459-10526;6487 Göschenen;Unterdorfstrasse;Kreisprofil 100 / 100mm;Polyethylen;0.0;BDA;Bogen nach links, Winkel = 45° Entf. gegen Fließr. 0,10 m Allgemeinzustand, Fotobeispiel Entf. gegen Fließr. 0,40 m Position;9;9;;00:00:09;;109
07.664459-10526;6487 Göschenen;Unterdorfstrasse;Kreisprofil 100 / 100mm;Polyethylen;0.0;BCAAA;"Bogen nach links oben, Winkel = 60° Entf. gegen Fließr. 0,60 m Pos: 12; Anschluss mit Formstück, Höhe = 0mm, Breite = 0mm Entf. gegen Fließr. 0,90 m";12;12;;00:00:46;;111
07.664459-10526;6487 Göschenen;Unterdorfstrasse;Kreisprofil 100 / 100mm;Polyethylen;0.0;BDA;Allgemeinzustand, Fotobeispiel, Foto 2 zu Station BCA.A.A Entf. gegen Fließr. 0,90 m Allgemeinzustand, Fotobeispiel Entf. gegen Fließr. 3,70 m Position;12;12;;00:01:24;;113
07.664459-10526;6487 Göschenen;Unterdorfstrasse;Kreisprofil 100 / 100mm;Polyethylen;0.0;AEDXP;Bogen nach links, Winkel = 10° Entf. gegen Fließr. 9,00 m Rohrmaterialwechsel: Polypropylen Entf. gegen Fließr. 9,20 m Position;9;9;;00:02:11;;115
07.664459-10526;6487 Göschenen;Unterdorfstrasse;Kreisprofil 100 / 100mm;Polyethylen;0.0;BCCYA;"Allgemeinzustand, Fotobeispiel Entf. gegen Fließr. 10,30 m Position Pos: 12; Bogen nach oben, Winkel = 45° Entf. gegen Fließr. 11,20 m";12;12;;00:02:34;;117
07.664459-10526;6487 Göschenen;Unterdorfstrasse;Kreisprofil 100 / 100mm;Polyethylen;0.0;BCE;Bogen nach oben, Winkel = 45° Entf. gegen Fließr. 11,40 m Rohrende, DW Entf. gegen Fließr. 11,50 m Position;12;12;;00:02:48;;119
07.1028055-10.1064892;6487 Göschenen;Unterdorfstrasse;Kreisprofil 110 / 110mm;Polypropylen;0.0;BDA;Bogen nach oben, Winkel = °, in die Horizontale. Entf. gegen Fließr. 0,30 m Position Allgemeinzustand, Fotobeispiel Entf. gegen Fließr. 2,20 m Position;;;;00:00:47;;25
07.1028055-10.1064892;6487 Göschenen;Unterdorfstrasse;Kreisprofil 110 / 110mm;Polypropylen;0.0;BCCBB;Bogen nach unten, Winkel = ° Entf. gegen Fließr. 3,00 m Position Bogen nach rechts unten, Winkel = ° Entf. gegen Fließr. 3,80 m Position;;;;00:01:23;;27
07.1028055-10.1064892;6487 Göschenen;Unterdorfstrasse;Kreisprofil 110 / 110mm;Polypropylen;0.0;BCE;Rohrprofilwechsel: Kreisprofil, Höhe = 150mm Entf. gegen Fließr. 3,90 m Position Rohrende, Einlauf In Leitung Entf. gegen Fließr. 4,20 m Position;;;;00:02:17;;28
10285-10.1064893;6487 Göschenen;Unterdorfstrasse;Kreisprofil 160 / 160mm;Polypropylen;0.0;BCCAB;Allgemeinzustand, Fotobeispiel Entf. gegen Fließr. 1,50 m Position Bogen nach links unten, Winkel = ° Entf. gegen Fließr. 2,30 m Position;;;;00:00:57;;61
10285-10.1064893;6487 Göschenen;Unterdorfstrasse;Kreisprofil 160 / 160mm;Polypropylen;0.0;BCE;Bogen nach links unten, Winkel = ° Entf. gegen Fließr. 3,60 m Position Rohrende, Einlauf In Leitung Entf. gegen Fließr. 4,00 m Position;;;;00:02:18;;63
1042607-10.1064894;6487 Göschenen;Unterdorfstrasse;Kreisprofil 160 / 160mm;Polypropylen;0.0;BCCBB;Bogen nach links, Winkel = ° Entf. gegen Fließr. 0,10 m Position Bogen nach rechts unten, Winkel = ° Entf. gegen Fließr. 0,90 m Position;;;;00:00:48;;45
1042607-10.1064894;6487 Göschenen;Unterdorfstrasse;Kreisprofil 160 / 160mm;Polypropylen;0.0;BCE;Bogen nach rechts unten, Winkel = ° Entf. gegen Fließr. 2,40 m Position Rohrende, Einlauf In Leitung Entf. gegen Fließr. 2,70 m Position;;;;00:02:08;;47
10113-10113.0;6487 Göschenen;Unterdorfstrasse;Kreisprofil 200 / 200mm;Polypropylen;5.6;BBCB;"Anfang (1): Pos: 5 - 7; Lose Ablagerungen, Kies, Höhe = 10% Ende (1): Pos: 5 - 7; Lose Ablagerungen, Kies, Höhe = 10%";5;5;;00:01:23;;259
10113-10113.0;6487 Göschenen;Unterdorfstrasse;Kreisprofil 200 / 200mm;Polypropylen;6.1;BDA;"Anschluss mit Formstück, Höhe = 0mm, Breite = 0mm Pos: 10; Allgemeinzustand, Fotobeispiel, Foto 2 zu Station BCA.A.A";10;10;;00:01:33;;261
10113-10113.0;6487 Göschenen;Unterdorfstrasse;Kreisprofil 200 / 200mm;Polypropylen;9.3;BCE;Allgemeinzustand, Fotobeispiel Position Rohrende, Auslauf in Gewässer Position;;;;00:02:26;;263
10118-10.1064929;6487 Göschenen;Unterdorfstrasse;Kreisprofil 150 / 150mm;Polypropylen;2.4;BDA;Bogen nach rechts unten, Winkel = 20° Allgemeinzustand, Fotobeispiel Position;5;5;;00:00:41;;169
10118-10.1064929;6487 Göschenen;Unterdorfstrasse;Kreisprofil 150 / 150mm;Polypropylen;3.5;BCE;Bogen nach unten, Winkel = 20° Rohrende, Einlauf in Leitung Position;6;6;;00:00:55;;171
10160-1042605;6487 Göschenen;Unterdorfstrasse;Kreisprofil 160 / 160mm;Polypropylen;0.0;BCCAY;Bogen nach rechts oben, Winkel = ° Entf. gegen Fließr. 0,30 m Position Bogen nach links, Winkel = ° Entf. gegen Fließr. 3,40 m Position;;;;00:01:11;;2
10160-1042605;6487 Göschenen;Unterdorfstrasse;Kreisprofil 160 / 160mm;Polypropylen;0.0;BCCAY;Allgemeinzustand, Fotobeispiel Entf. gegen Fließr. 6,30 m Position Bogen nach links, Winkel = ° Entf. gegen Fließr. 9,10 m Position;;;;00:02:00;;4
10161-1042605;6487 Göschenen;Unterdorfstrasse;Kreisprofil 160 / 160mm;Polypropylen;0.0;BCCAY;Bogen nach rechts, Winkel = ° Entf. gegen Fließr. 1,70 m Position Bogen nach links, Winkel = ° Entf. gegen Fließr. 4,10 m Position;;;;00:00:59;;6
10161-1042605;6487 Göschenen;Unterdorfstrasse;Kreisprofil 160 / 160mm;Polypropylen;0.0;BDA;Allgemeinzustand, Fotobeispiel Entf. gegen Fließr. 8,70 m Position Allgemeinzustand, Fotobeispiel Entf. gegen Fließr. 18,20 m Position;;;;00:02:27;;8
10161-1042605;6487 Göschenen;Unterdorfstrasse;Kreisprofil 160 / 160mm;Polypropylen;0.0;BCCAY;Bogen nach links, Winkel = ° Entf. gegen Fließr. 24,40 m Position;;;;00:03:09;;9
10188-10.1064904;6487 Göschenen;Unterdorfstrasse;Kreisprofil 150 / 150mm;Polypropylen;0.4;BCCBB;"Bogen nach unten, Winkel = 45° Pos: 4; Bogen nach rechts unten, Winkel = 45°";4;4;;00:00:11;;24
10188-10.1064904;6487 Göschenen;Unterdorfstrasse;Kreisprofil 150 / 150mm;Polypropylen;1.0;BDA;Bogen nach links oben, Winkel = 45° Allgemeinzustand, Fotobeispiel Position;3;3;;00:01:03;;27
10188-10.1064904;6487 Göschenen;Unterdorfstrasse;Kreisprofil 150 / 150mm;Polypropylen;1.5;BCCAA;"Bogen nach unten, Winkel = 45° Pos: 3; Bogen nach links oben, Winkel = 20°";3;3;;00:01:31;;29
10188-10.1064904;6487 Göschenen;Unterdorfstrasse;Kreisprofil 150 / 150mm;Polypropylen;1.7;BCE;Rohrende, Einlauf in Leitung Position;;;;00:01:48;;30
10261-9790;6487 Göschenen;Unterdorfstrasse;Kreisprofil 300 / 300mm;Polypropylen;0.0;BCCYA;Allgemeinzustand, Fotobeispiel Entf. gegen Fließr. 13,90 m Position Bogen nach oben, Winkel = ° Entf. gegen Fließr. 20,20 m Position;;;;00:01:59;;84
10262-10261;6487 Göschenen;Unterdorfstrasse;Kreisprofil 160 / 160 10261mm;Polypropylen;0.0;BDA;Bogen nach rechts, Winkel = ° Entf. gegen Fließr. 0,90 m Position Allgemeinzustand, Fotobeispiel Entf. gegen Fließr. 6,90 m Position;;;;00:01:42;;15
10284-9790;6487 Göschenen;Unterdorfstrasse;Kreisprofil 160 / 160mm;Polypropylen;0.0;AEDXQ;Rohrmaterialwechsel: Polyvinylchlorid Entf. gegen Fließr. 2,00 m Position;;;;00:00:44;;23
10286-1042598;6487 Göschenen;Unterdorfstrasse;Kreisprofil 300 / 300mm;Polypropylen;4.4;BDA;"Anschluss mit Formstück, Höhe = 0mm, Breite = 0mm Pos: 2; Allgemeinzustand, Fotobeispiel, Foto 2 zu Station BCA.A.A";2;2;;00:01:14;;271
10286-1042598;6487 Göschenen;Unterdorfstrasse;Kreisprofil 300 / 300mm;Polypropylen;10.3;BDA;Allgemeinzustand, Fotobeispiel Position;;;;00:02:25;;272
10287-1042599;6487 Göschenen;Unterdorfstrasse;Kreisprofil 300 / 300mm;Polypropylen;1.5;BDA;Allgemeinzustand, Fotobeispiel Position;;;;00:00:54;;274
10290-1042601;6487 Göschenen;Unterdorfstrasse;Kreisprofil 300 / 300mm;Polypropylen;18.4;BCAAA;"Allgemeinzustand, Fotobeispiel Position Pos: 2; Anschluss mit Formstück, Höhe = 0mm, Breite = 0mm";2;2;;00:03:27;;282
10290-1042601;6487 Göschenen;Unterdorfstrasse;Kreisprofil 300 / 300mm;Polypropylen;18.4;BDA;Allgemeinzustand, Fotobeispiel, Foto 2 zu Station BCA.A.A;2;2;;00:03:27;;283
1033948-10.1064906;6487 Göschenen;Unterdorfstrasse;Kreisprofil 125 / 125mm;Polypropylen;0.6;BDA;Bogen nach unten, Winkel = 20° Allgemeinzustand, Fotobeispiel Position;6;6;;00:00:30;;37
1033948-10.1064906;6487 Göschenen;Unterdorfstrasse;Kreisprofil 125 / 125mm;Polypropylen;2.9;BCCAY;"Bogen nach links unten, Winkel = 20° Pos: 9; Bogen nach links, Winkel = 45°";9;9;;00:00:57;;39
1033948-10.1064906;6487 Göschenen;Unterdorfstrasse;Kreisprofil 125 / 125mm;Polypropylen;3.2;BCE;Rohrende, Einlauf in Leitung Position;;;;00:01:06;;40
10417-1042602;6487 Göschenen;Unterdorfstrasse;Kreisprofil 200 / 200mm;Polypropylen;6.9;BDA;Bogen nach links oben, Winkel = 20° Allgemeinzustand, Fotobeispiel Position;3;3;;00:01:05;;221
10417-1042602;6487 Göschenen;Unterdorfstrasse;Kreisprofil 200 / 200mm;Polypropylen;9.2;BCCAY;"Bogen nach links oben, Winkel = 45° Pos: 9; Bogen nach links, Winkel = 45°";9;9;;00:01:27;;223
1042598-10287;6487 Göschenen;Unterdorfstrasse;Kreisprofil 300 / 300mm;Polypropylen;6.0;BDA;Allgemeinzustand, Fotobeispiel Position;;;;00:01:35;;273
1042599-10290;6487 Göschenen;Unterdorfstrasse;Kreisprofil 300 / 300mm;Polypropylen;1.4;BCCAB;"Bogen nach links oben, Winkel = 5° Pos: 8; Bogen nach links unten, Winkel = 5°";8;8;;00:01:25;;276
1042599-10290;6487 Göschenen;Unterdorfstrasse;Kreisprofil 300 / 300mm;Polypropylen;8.1;BDA;"Pos: 4 - 6; Andersartiger Oberflächenschaden, Ursache nicht eindeutig feststellbar, an Verbindung Verbindung Allgemeinzustand, Fotobeispiel Position";4;4;;00:03:45;;278
1042599-10290;6487 Göschenen;Unterdorfstrasse;Kreisprofil 300 / 300mm;Polypropylen;15.3;BDA;"Anschluss mit Formstück, Höhe = 0mm, Breite = 0mm Pos: 2; Allgemeinzustand, Fotobeispiel, Foto 2 zu Station BCA.A.A";2;2;;00:04:42;;280
10.1064910-1042600;6487 Göschenen;Unterdorfstrasse;Kreisprofil 150 / 150mm;Polypropylen;11.0;BCCBB;"Allgemeinzustand, Fotobeispiel Position Pos: 4; Bogen nach rechts unten, Winkel = 45°";4;4;;00:01:24;;153
10.1064910-1042600;6487 Göschenen;Unterdorfstrasse;Kreisprofil 150 / 150mm;Polypropylen;11.4;BCE;Rohrende, Einlauf in Leitung Position;;;;00:01:31;;154
1042601-1042602;6487 Göschenen;Unterdorfstrasse;Kreisprofil 300 / 300mm;Polypropylen;3.6;BDA;Allgemeinzustand, Fotobeispiel Position;;;;00:01:36;;284
1042602-9296;6487 Göschenen;Unterdorfstrasse;Kreisprofil 300 / 300mm;Polypropylen;10.2;BCAAA;"Bogen nach links, Winkel = 15° Pos: 1; Anschluss mit Formstück, Höhe = 0mm, Breite = 0mm";1;1;;00:02:42;;286
1042602-9296;6487 Göschenen;Unterdorfstrasse;Kreisprofil 300 / 300mm;Polypropylen;12.7;BCCAA;"Allgemeinzustand, Fotobeispiel, Foto 2 zu Station BCA.A.A Pos: 3; Bogen nach links oben, Winkel = 45°";3;3;;00:04:17;;288
1042602-9296;6487 Göschenen;Unterdorfstrasse;Kreisprofil 300 / 300mm;Polypropylen;22.8;BDA;Bogen nach links oben, Winkel = 15° Allgemeinzustand, Fotobeispiel Position;3;3;;00:06:47;;290
1042603-10417;6487 Göschenen;Unterdorfstrasse;Kreisprofil 150 / 150mm;Polypropylen;0.0;BCCYA;"Rohrprofilwechsel: Kreisprofil, Höhe = 100mm, Breite = 100mm, Durchmesser nicht messbar Entf. gegen Fließr. 0,20 m Position Pos: 12; Bogen nach oben, Winkel = 45° Entf. gegen Fließr. 0,30 m";12;12;;00:00:25;;236
1042603-10417;6487 Göschenen;Unterdorfstrasse;Kreisprofil 150 / 150mm;Polypropylen;0.0;BCCYB;"Allgemeinzustand, Fotobeispiel Entf. gegen Fließr. 1,00 m Position Pos: 6; Bogen nach unten, Winkel = 45°, In die Horizontale Entf. gegen Fließr. 1,20 m";6;6;;00:00:53;;238
1042604-10.1064935;6487 Göschenen;Unterdorfstrasse;Kreisprofil 125 / 125mm;Polypropylen;0.9;BCCBB;"Allgemeinzustand, Fotobeispiel Position Pos: 4; Bogen nach rechts unten, Winkel = 45°";4;4;;00:00:27;;243
1042604-10.1064935;6487 Göschenen;Unterdorfstrasse;Kreisprofil 125 / 125mm;Polypropylen;1.2;BDA;Bogen nach rechts unten, Winkel = 45° Allgemeinzustand, Fotobeispiel Position;4;4;;00:00:41;;245
1042604-10.1064935;6487 Göschenen;Unterdorfstrasse;Kreisprofil 125 / 125mm;Polypropylen;2.0;BCE;Rohrende, Einlauf in Leitung Position;;;;00:00:57;;246
1042605-1042606;6487 Göschenen;Unterdorfstrasse;Kreisprofil 200 / 200mm;Polypropylen;0.0;BDA;Allgemeinzustand, Fotobeispiel Entf. gegen Fließr. 5,20 m Position Allgemeinzustand, Fotobeispiel Entf. gegen Fließr. 4,80 m Position Gegenuntersuchung;;;;00:00:51;;94
1042606-1042608;6487 Göschenen;Unterdorfstrasse;Kreisprofil 300 / 300mm;Polypropylen;0.0;BCAAA;"Bogen nach rechts, Winkel = ° Entf. gegen Fließr. 0,20 m Position Pos: 1; Anschluss mit Formstück Entf. gegen Fließr. 6,70 m";1;1;;00:01:29;;88
1042606-1042608;6487 Göschenen;Unterdorfstrasse;Kreisprofil 300 / 300mm;Polypropylen;0.0;BCAAA;"Allgemeinzustand, Fotobeispiel Entf. gegen Fließr. 12,80 m Position Pos: 11; Anschluss mit Formstück Entf. gegen Fließr. 15,30 m";11;11;;00:02:33;;90
1042606-1042608;6487 Göschenen;Unterdorfstrasse;Kreisprofil 300 / 300mm;Polypropylen;0.0;BCCAY;Anschluss mit Formstück Entf. gegen Fließr. 18,80 m Bogen nach links, Winkel = ° Entf. gegen Fließr. 25,20 m Position;1;1;;00:04:10;;92
1042606-1042608;6487 Göschenen;Unterdorfstrasse;Kreisprofil 300 / 300mm;Polypropylen;0.0;BCCBY;Bogen nach rechts, Winkel = ° Entf. gegen Fließr. 25,50 m Position;;;;00:04:29;;93
1042608-1042610;6487 Göschenen;Unterdorfstrasse;Kreisprofil 300 / 300mm;Polypropylen;2.7;BDA;"Anschluss mit Formstück, Höhe = 0mm, Breite = 0mm Pos: 1; Allgemeinzustand, Fotobeispiel, Foto 2 zu Station BCA.A.A";1;1;;00:01:01;;292
1042608-1042610;6487 Göschenen;Unterdorfstrasse;Kreisprofil 300 / 300mm;Polypropylen;9.5;BDA;"Anschluss mit Formstück, Höhe = 0mm, Breite = 0mm Pos: 11; Allgemeinzustand, Fotobeispiel, Foto 2 zu Station BCA.A.A";11;11;;00:02:27;;294
1042608-1042610;6487 Göschenen;Unterdorfstrasse;Kreisprofil 300 / 300mm;Polypropylen;10.0;BDA;"Anschluss mit Formstück, Höhe = 0mm, Breite = 0mm Pos: 1; Allgemeinzustand, Fotobeispiel, Foto 2 zu Station BCA.A.A";1;1;;00:02:59;;296
1042608-1042610;6487 Göschenen;Unterdorfstrasse;Kreisprofil 300 / 300mm;Polypropylen;13.7;BDA;"Anschluss mit Formstück, Höhe = 0mm, Breite = 0mm Pos: 12; Allgemeinzustand, Fotobeispiel, Foto 2 zu Station BCA.A.A";12;12;;00:04:03;;298
1042608-1042610;6487 Göschenen;Unterdorfstrasse;Kreisprofil 300 / 300mm;Polypropylen;14.4;BDA;"Anschluss mit Formstück, Höhe = 0mm, Breite = 0mm Pos: 1; Allgemeinzustand, Fotobeispiel, Foto 2 zu Station BCA.A.A";1;1;;00:04:30;;300
1042608-1042610;6487 Göschenen;Unterdorfstrasse;Kreisprofil 300 / 300mm;Polypropylen;21.2;BDA;"Anschluss mit Formstück, Höhe = 0mm, Breite = 0mm Pos: 1; Allgemeinzustand, Fotobeispiel, Foto 2 zu Station BCA.A.A";1;1;;00:05:38;;302
1042608-1042610;6487 Göschenen;Unterdorfstrasse;Kreisprofil 300 / 300mm;Polypropylen;28.0;BCAAA;"Allgemeinzustand, Fotobeispiel Position Pos: 11; Anschluss mit Formstück, Höhe = 0mm, Breite = 0mm";11;11;;00:06:53;;304
1042608-1042610;6487 Göschenen;Unterdorfstrasse;Kreisprofil 300 / 300mm;Polypropylen;28.3;BCCAB;"Allgemeinzustand, Fotobeispiel, Foto 2 zu Station BCA.A.A Pos: 8; Bogen nach links unten, Winkel = 30°";8;8;;00:07:24;;306
1042609-1042608;6487 Göschenen;Unterdorfstrasse;Kreisprofil 160 / 160mm;Polypropylen;0.0;BDA;Bogen nach links, Winkel = ° Entf. gegen Fließr. 0,30 m Position Allgemeinzustand, Fotobeispiel Entf. gegen Fließr. 3,20 m Position;;;;00:00:52;;67
1042609-1042608;6487 Göschenen;Unterdorfstrasse;Kreisprofil 160 / 160mm;Polypropylen;0.0;BCCBY;Bogen nach rechts, Winkel = ° Entf. gegen Fließr. 4,30 m Position Bogen nach rechts, Winkel = ° Entf. gegen Fließr. 5,30 m Position;;;;00:01:24;;69
1042610-1042611;6487 Göschenen;Unterdorfstrasse;Kreisprofil 300 / 300mm;Polypropylen;8.2;BDA;"Anschluss mit Formstück, Höhe = 0mm, Breite = 0mm Pos: 11; Allgemeinzustand, Fotobeispiel, Foto 2 zu Station BCA.A.A";11;11;;00:01:28;;308
1042610-1042611;6487 Göschenen;Unterdorfstrasse;Kreisprofil 300 / 300mm;Polypropylen;19.0;BCCAY;"Allgemeinzustand, Fotobeispiel Position Pos: 9; Bogen nach links, Winkel = 20°";9;9;;00:03:24;;310
1042611-1042612;6487 Göschenen;Unterdorfstrasse;Kreisprofil 300 / 300mm;Polypropylen;5.6;BCAAA;"Bogen nach links, Winkel = 45° Pos: 11; Anschluss mit Formstück, Höhe = 0mm, Breite = 0mm";11;11;;00:01:35;;312
1042611-1042612;6487 Göschenen;Unterdorfstrasse;Kreisprofil 300 / 300mm;Polypropylen;10.3;BCAAA;"Allgemeinzustand, Fotobeispiel, Foto 2 zu Station BCA.A.A Pos: 2; Anschluss mit Formstück, Höhe = 0mm, Breite = 0mm";2;2;;00:02:45;;314
1042611-1042612;6487 Göschenen;Unterdorfstrasse;Kreisprofil 300 / 300mm;Polypropylen;14.1;BDA;Allgemeinzustand, Fotobeispiel, Foto 2 zu Station BCA.A.A Allgemeinzustand, Fotobeispiel Position;2;2;;00:03:31;;316
1042611-1042612;6487 Göschenen;Unterdorfstrasse;Kreisprofil 300 / 300mm;Polypropylen;17.4;BDA;"Anschluss mit Formstück, Höhe = 0mm, Breite = 0mm Pos: 10; Allgemeinzustand, Fotobeispiel, Foto 2 zu Station BCA.A.A";10;10;;00:03:49;;318
1042611-1042612;6487 Göschenen;Unterdorfstrasse;Kreisprofil 300 / 300mm;Polypropylen;18.2;BCAAA;"Bogen nach links oben, Winkel = 15° Pos: 2; Anschluss mit Formstück, Höhe = 0mm, Breite = 0mm";2;2;;00:04:50;;320
1042611-1042612;6487 Göschenen;Unterdorfstrasse;Kreisprofil 300 / 300mm;Polypropylen;18.6;BCCAB;"Allgemeinzustand, Fotobeispiel, Foto 2 zu Station BCA.A.A Pos: 8; Bogen nach links unten, Winkel = 15°";8;8;;00:05:39;;322
1042611-1042612;6487 Göschenen;Unterdorfstrasse;Kreisprofil 300 / 300mm;Polypropylen;29.4;BCCAA;"Allgemeinzustand, Fotobeispiel Position Pos: 3; Bogen nach links oben, Winkel = 30°";3;3;;00:07:17;;324
1042612-1042615;6487 Göschenen;Unterdorfstrasse;Kreisprofil 300 / 300mm;Polypropylen;7.1;BDA;Allgemeinzustand, Fotobeispiel Position;;;;00:01:18;;326
1042613-1042612;6487 Göschenen;Unterdorfstrasse;Kreisprofil 125 / 125mm;Polypropylen;2.9;BCCAA;"Allgemeinzustand, Fotobeispiel Position Pos: 3; Bogen nach links oben, Winkel = 45°";3;3;;00:00:44;;192
1042613-1042612;6487 Göschenen;Unterdorfstrasse;Kreisprofil 125 / 125mm;Polypropylen;4.4;BCCAA;Bogen nach links oben, Winkel = 45°;3;3;;00:01:05;;193
1042614-9332;6487 Göschenen;Unterdorfstrasse;Kreisprofil 150 / 150mm;Polypropylen;7.6;BCCAA;"Bogen nach links, Winkel = 30° Pos: 3; Bogen nach links oben, Winkel = 20°";3;3;;00:01:23;;206
1042614-9332;6487 Göschenen;Unterdorfstrasse;Kreisprofil 150 / 150mm;Polypropylen;7.9;BDA;"Anschluss mit Formstück, Höhe = 0mm, Breite = 0mm Pos: 10; Allgemeinzustand, Fotobeispiel, Foto 2 zu Station BCA.A.A";10;10;;00:01:33;;208
1042614-9332;6487 Göschenen;Unterdorfstrasse;Kreisprofil 150 / 150mm;Polypropylen;13.1;BDA;Allgemeinzustand, Fotobeispiel Position;;;;00:02:31;;209
1042615-06.891226;6487 Göschenen;Unterdorfstrasse;Kreisprofil 300 / 300mm;Polypropylen;0.4;BCCAB;"Bogen nach links unten, Winkel = 15° Pos: 8; Bogen nach links unten, Winkel = 45°";8;8;;00:00:53;;328
1042615-06.891226;6487 Göschenen;Unterdorfstrasse;Kreisprofil 300 / 300mm;Polypropylen;0.4;BDA;"Pos: 6 - 8; Harte Ablagerungen, Höhe = 2% Allgemeinzustand, Fotobeispiel Position";6;6;;00:01:20;;330
1048858-1042601;6487 Göschenen;Unterdorfstrasse;Kreisprofil 125 / 125mm;Polypropylen;0.0;BDA;Wasserspiegel, Abwasser klar, Höhe = 5% Entf. gegen Fließr. 1,80 m Position Allgemeinzustand, Fotobeispiel Entf. gegen Fließr. 3,70 m Position;;;;00:01:15;;177
1048858-1042601;6487 Göschenen;Unterdorfstrasse;Kreisprofil 125 / 125mm;Polypropylen;0.0;AECXC;Rohrmaterialwechsel: Polyethylen Entf. gegen Fließr. 4,40 m Position Rohrprofilwechsel: Kreisprofil, Höhe = 60mm, Breite = 60mm, Durchmesser nicht messbar Entf. gegen Fließr. 5,00 m Position;;;;00:01:42;;179
10523-10.1064914;6487 Göschenen;Unterdorfstrasse;Kreisprofil 150 / 150mm;Polypropylen;4.1;BCCBB;"Allgemeinzustand, Fotobeispiel Position Pos: 5; Bogen nach rechts unten, Winkel = 45°";5;5;;00:00:44;;160
10523-10.1064914;6487 Göschenen;Unterdorfstrasse;Kreisprofil 150 / 150mm;Polypropylen;4.6;BCE;Rohrende, Einlauf in Leitung Position;;;;00:00:55;;161
10525-10.1064905;6487 Göschenen;Unterdorfstrasse;Kreisprofil 150 / 150mm;Polypropylen;0.6;BCCYB;"Bogen nach unten, Winkel = 45° Pos: 6; Bogen nach unten, Winkel = 45°";6;6;;00:00:36;;75
10525-10.1064905;6487 Göschenen;Unterdorfstrasse;Kreisprofil 150 / 150mm;Polypropylen;2.0;BCE;Bogen nach links oben, Winkel = 45° Rohrende, Einlauf in Leitung Position;3;3;;00:01:03;;77
10526-10526.0;6487 Göschenen;Unterdorfstrasse;Kreisprofil 150 / 150mm;Kunststoff;0.8;BCE;Bogen nach unten, Winkel = 45° Rohrende, Einlauf in Leitung Position;6;6;;00:00:59;;121
10546-10523;6487 Göschenen;Unterdorfstrasse;Kreisprofil 100 / 100mm;Polyethylen;0.0;BCCYB;"Bogen nach oben, Winkel = 60° Entf. gegen Fließr. 2,30 m Pos: 6; Bogen nach unten, Winkel = 60°, In die Horizontale Entf. gegen Fließr. 2,90 m";6;6;;00:01:03;;156
10546-10523;6487 Göschenen;Unterdorfstrasse;Kreisprofil 100 / 100mm;Polyethylen;0.0;BAAA;"Allgemeinzustand, Fotobeispiel Entf. gegen Fließr. 4,20 m Position Pos: 6 - 12; Rohr vertikal deformiert, Querschnittsreduzierung = 5%, an Verbindung Entf. gegen Fließr. 6,30 m Verbindung";6;6;;00:01:58;;158
10591-10286;6487 Göschenen;Unterdorfstrasse;Kreisprofil 300 / 300mm;Polypropylen;0.0;BDA;Allgemeinzustand, Fotobeispiel Entf. gegen Fließr. 1,10 m Position;;;;00:00:54;;86
1064920-10.1064930;6487 Göschenen;Unterdorfstrasse;Kreisprofil 125 / 125mm;Polypropylen;0.9;BCCAY;"Bogen nach unten, Winkel = 45° Pos: 9; Bogen nach links, Winkel = 10°";9;9;;00:00:59;;164
1064920-10.1064930;6487 Göschenen;Unterdorfstrasse;Kreisprofil 125 / 125mm;Polypropylen;1.2;BDA;"Anschluss mit Formstück, Höhe = 0mm, Breite = 0mm Pos: 2; Allgemeinzustand, Fotobeispiel, Foto 2 zu Station BCA.A.A";2;2;;00:01:08;;166
1064920-10.1064930;6487 Göschenen;Unterdorfstrasse;Kreisprofil 125 / 125mm;Polypropylen;1.7;BCE;Rohrende, Einlauf in Leitung Position;;;;00:01:31;;167
1064937-1042607;6487 Göschenen;Unterdorfstrasse;Kreisprofil 160 / 160mm;Polyethylen;0.0;BCCBY;Rohrprofilwechsel: Kreisprofil, Höhe = 110mm Entf. gegen Fließr. 0,20 m Position Bogen nach rechts, Winkel = ° Entf. gegen Fließr. 0,30 m Position;;;;00:00:51;;38
1064937-1042607;6487 Göschenen;Unterdorfstrasse;Kreisprofil 160 / 160mm;Polyethylen;0.0;BDA;Bogen nach links, Winkel = ° Entf. gegen Fließr. 0,90 m Position Allgemeinzustand, Fotobeispiel Entf. gegen Fließr. 4,40 m Position;;;;00:01:51;;40
1064937-1042607;6487 Göschenen;Unterdorfstrasse;Kreisprofil 160 / 160mm;Polyethylen;0.0;BCCYB;Bogen nach oben, Winkel = ° Entf. gegen Fließr. 10,50 m Position Bogen nach unten, Winkel = °, in die Horizontale. Entf. gegen Fließr. 10,90 m Position;;;;00:02:55;;42
1064937-1042607;6487 Göschenen;Unterdorfstrasse;Kreisprofil 160 / 160mm;Polyethylen;0.0;BDB;Allgemeine Anmerkung, Rohrende sichtbar in 20cm Entf. gegen Fließr. 11,30 m Position;;;;00:03:17;;43
1064951-10188;6487 Göschenen;Unterdorfstrasse;Kreisprofil 125 / 125mm;Polypropylen;0.0;BCCAY;"Bogen nach links, Winkel = 30° Entf. gegen Fließr. 3,00 m Pos: 9; Bogen nach links, Winkel = 45° Entf. gegen Fließr. 6,70 m";9;9;;00:01:09;;19
1064951-10188;6487 Göschenen;Unterdorfstrasse;Kreisprofil 125 / 125mm;Polypropylen;0.0;BAAB;"Allgemeinzustand, Fotobeispiel Entf. gegen Fließr. 8,40 m Position Pos: 5 - 7; Rohr horizontal deformiert, Querschnittsreduzierung = 3% Entf. gegen Fließr. 10,50 m";5;5;;00:01:50;;21
1064951-10188;6487 Göschenen;Unterdorfstrasse;Kreisprofil 125 / 125mm;Polypropylen;0.0;BCE;"Pos: 5 - 7; Allgemeinzustand, Fotobeispiel, Foto 2 zu Station BAA.B Entf. gegen Fließr. 10,50 m Rohrende, DW Entf. gegen Fließr. 11,80 m Position";5;5;;00:02:31;;23
1064952-9332;6487 Göschenen;Unterdorfstrasse;Kreisprofil 125 / 125mm;Polypropylen;1.9;BDA;Bogen nach links oben, Winkel = 45° Allgemeinzustand, Fotobeispiel Position;3;3;;00:00:38;;240
1064952-9332;6487 Göschenen;Unterdorfstrasse;Kreisprofil 125 / 125mm;Polypropylen;2.3;BCCAY;Bogen nach links, Winkel = 20°;9;9;;00:00:46;;241
10750-10.1064900;6487 Göschenen;Unterdorfstrasse;Kreisprofil 150 / 150mm;Polypropylen;3.2;BCCAA;"Bogen nach rechts unten, Winkel = 10° Pos: 3; Bogen nach links oben, Winkel = 45°";3;3;;00:00:55;;11
10750-10.1064900;6487 Göschenen;Unterdorfstrasse;Kreisprofil 150 / 150mm;Polypropylen;5.6;BDA;"Anfang (1): Pos: 5 - 7; Lose Ablagerungen, Sand, Höhe = 5% Allgemeinzustand, Fotobeispiel Position";5;5;;00:01:23;;13
10750-10.1064900;6487 Göschenen;Unterdorfstrasse;Kreisprofil 150 / 150mm;Polypropylen;8.3;BCCBB;"Bogen nach links, Winkel = 30° Pos: 5; Bogen nach rechts unten, Winkel = 30°";5;5;;00:01:53;;15
10750-10.1064900;6487 Göschenen;Unterdorfstrasse;Kreisprofil 150 / 150mm;Polypropylen;8.9;BCE;Bogen nach links oben, Winkel = 45° Rohrende, Einlauf in Leitung Position;3;3;;00:02:15;;17
10807-10261;6487 Göschenen;Unterdorfstrasse;Kreisprofil 300 / 300mm;Polypropylen;0.0;BDA;Allgemeinzustand, Fotobeispiel Entf. gegen Fließr. 4,30 m Position;;;;00:00:45;;85
10927-9021;6487 Göschenen;Unterdorfstrasse;Kreisprofil 160 / 160mm;Polyethylen;0.0;BCCBA;Allgemeinzustand, Fotobeispiel Entf. gegen Fließr. 3,60 m Position Bogen nach rechts oben, Winkel = ° Entf. gegen Fließr. 10,20 m Position;;;;00:01:38;;34
10927-9021;6487 Göschenen;Unterdorfstrasse;Kreisprofil 160 / 160mm;Polyethylen;0.0;BCCYB;Bogen nach unten, Winkel = °, in die Horizontale. Entf. gegen Fließr. 11,10 m Position Bogen nach unten, Winkel = °, in die Horizontale. Entf. gegen Fließr. 11,10 m Position;;;;00:02:27;;35
89514-1042610;6487 Göschenen;Unterdorfstrasse;Kreisprofil 200 / 200mm;Polyethylen;2.3;BCCAY;"Allgemeinzustand, Fotobeispiel Position Pos: 9; Bogen nach links, Winkel = 45°";9;9;;00:00:42;;101
89514-1042610;6487 Göschenen;Unterdorfstrasse;Kreisprofil 200 / 200mm;Polyethylen;2.9;BDA;"Anschluss mit Formstück, Höhe = 0mm, Breite = 0mm Pos: 2; Allgemeinzustand, Fotobeispiel, Foto 2 zu Station BCA.A.A";2;2;;00:00:56;;103
89514-1042610;6487 Göschenen;Unterdorfstrasse;Kreisprofil 200 / 200mm;Polyethylen;3.3;BCCYB;"Rohrmaterialwechsel: Polypropylen Position Pos: 6; Bogen nach unten, Winkel = 45°";6;6;;00:01:25;;105
89514-1042610;6487 Göschenen;Unterdorfstrasse;Kreisprofil 200 / 200mm;Polyethylen;4.8;BCCAY;"Bogen nach unten, Winkel = 45° Pos: 9; Bogen nach links, Winkel = 30°";9;9;;00:02:07;;107
89514-1042610;6487 Göschenen;Unterdorfstrasse;Kreisprofil 200 / 200mm;Polyethylen;5.0;BCCAY;Bogen nach links, Winkel = 30°;9;9;;00:02:14;;108
8993-9967;6487 Göschenen;Unterdorfstrasse;Kreisprofil 150 / 150mm;Polypropylen;0.0;BCCAA;"Bogen nach links oben, Winkel = 45° Entf. gegen Fließr. 1,90 m Pos: 3; Bogen nach links oben, Winkel = 45° Entf. gegen Fließr. 2,20 m";3;3;;00:00:41;;123
8993-9967;6487 Göschenen;Unterdorfstrasse;Kreisprofil 150 / 150mm;Polypropylen;0.0;BCE;Rohrende Entf. gegen Fließr. 2,40 m Position;;;;00:00:53;;124
9021-10.1064891;6487 Göschenen;Unterdorfstrasse;Kreisprofil 160 / 160mm;Polypropylen;0.0;BCCBB;Allgemeinzustand, Fotobeispiel Entf. gegen Fließr. 0,80 m Position Bogen nach rechts unten, Winkel = ° Entf. gegen Fließr. 1,50 m Position;;;;00:00:42;;30
9021-10.1064891;6487 Göschenen;Unterdorfstrasse;Kreisprofil 160 / 160mm;Polypropylen;0.0;BCE;Bogen nach rechts unten, Winkel = ° Entf. gegen Fließr. 2,40 m Position Rohrende, Einlauf In Leitung Entf. gegen Fließr. 2,80 m Position;;;;00:01:53;;32
9308-944593;6487 Göschenen;Unterdorfstrasse;Kreisprofil 150 / 150mm;Polypropylen;4.4;BDA;Bogen nach links oben, Winkel = 30° Allgemeinzustand, Fotobeispiel Position;3;3;;00:00:54;;252
9308-944593;6487 Göschenen;Unterdorfstrasse;Kreisprofil 150 / 150mm;Polypropylen;9.2;BCCAY;"Bogen nach links, Winkel = 45° Pos: 9; Bogen nach links, Winkel = 45°";9;9;;00:01:25;;254
9308-944593;6487 Göschenen;Unterdorfstrasse;Kreisprofil 150 / 150mm;Polypropylen;11.8;BCCBB;"Bogen nach links unten, Winkel = 30° Pos: 4; Bogen nach rechts unten, Winkel = 45°";4;4;;00:01:59;;256
9308-944593;6487 Göschenen;Unterdorfstrasse;Kreisprofil 150 / 150mm;Polypropylen;15.4;BCE;Rohrende, Auslauf in Gewässer Position;;;;00:02:29;;257
9322-1042605;6487 Göschenen;Unterdorfstrasse;Kreisprofil 160 / 160mm;Polypropylen;0.0;BCCBY;Allgemeinzustand, Fotobeispiel Entf. gegen Fließr. 3,40 m Position Bogen nach rechts, Winkel = ° Entf. gegen Fließr. 5,40 m Position;;;;00:01:08;;11
9322-1042605;6487 Göschenen;Unterdorfstrasse;Kreisprofil 160 / 160mm;Polypropylen;0.0;BCCAY;Bogen nach links, Winkel = ° Entf. gegen Fließr. 8,10 m Position;;;;00:01:49;;12
9323-1042606;6487 Göschenen;Unterdorfstrasse;Kreisprofil 160 / 160mm;Polypropylen;0.0;BCCYB;Bogen nach oben, Winkel = ° Entf. gegen Fließr. 0,30 m Position Bogen nach unten, Winkel = °, in die Horizontale. Entf. gegen Fließr. 1,20 m Position;;;;00:00:49;;17
9323-1042606;6487 Göschenen;Unterdorfstrasse;Kreisprofil 160 / 160mm;Polypropylen;0.0;BDA;Allgemeinzustand, Fotobeispiel Entf. gegen Fließr. 2,40 m Position;;;;00:01:25;;18
9325-1042608;6487 Göschenen;Unterdorfstrasse;Kreisprofil 160 / 160mm;Polypropylen;0.0;BCCAB;Bogen nach oben, Winkel = ° Entf. gegen Fließr. 0,30 m Position Bogen nach links unten, Winkel = °, in die Horizontale. Entf. gegen Fließr. 1,50 m Position;;;;00:00:50;;71
9325-1042608;6487 Göschenen;Unterdorfstrasse;Kreisprofil 160 / 160mm;Polypropylen;0.0;BCCAY;Bogen nach links, Winkel = ° Entf. gegen Fließr. 1,90 m Position Bogen nach links, Winkel = ° Entf. gegen Fließr. 2,40 m Position;;;;00:01:25;;73
9325-1042608;6487 Göschenen;Unterdorfstrasse;Kreisprofil 160 / 160mm;Polypropylen;0.0;BDA;Allgemeinzustand, Fotobeispiel Entf. gegen Fließr. 3,80 m Position;;;;00:01:43;;74
9326-10.1064938;6487 Göschenen;Unterdorfstrasse;Kreisprofil 150 / 150mm;Polypropylen;1.3;BCCAY;"Allgemeinzustand, Fotobeispiel Position Pos: 9; Bogen nach links, Winkel = 45°";9;9;;00:00:43;;79
9326-10.1064938;6487 Göschenen;Unterdorfstrasse;Kreisprofil 150 / 150mm;Polypropylen;2.6;BCCYB;"Bogen nach links, Winkel = 45° Pos: 6; Bogen nach unten, Winkel = 10°";6;6;;00:01:17;;81
9326-10.1064938;6487 Göschenen;Unterdorfstrasse;Kreisprofil 150 / 150mm;Polypropylen;3.3;BCE;Bogen nach unten, Winkel = 10° Rohrende, Einlauf in Leitung Position;6;6;;00:01:33;;83
9327-1042611;6487 Göschenen;Unterdorfstrasse;Kreisprofil 150 / 150mm;Polypropylen;1.3;BDA;Bogen nach unten, Winkel = 20° Allgemeinzustand, Fotobeispiel Position;6;6;;00:00:38;;150
9327-1042611;6487 Göschenen;Unterdorfstrasse;Kreisprofil 150 / 150mm;Polypropylen;3.1;BCCAY;Bogen nach links, Winkel = 45°;9;9;;00:00:54;;151
9332-1042615;6487 Göschenen;Unterdorfstrasse;Kreisprofil 150 / 150mm;Polypropylen;0.7;BDA;Bogen nach links oben, Winkel = 45° Allgemeinzustand, Fotobeispiel Position;3;3;;00:00:35;;248
9332-1042615;6487 Göschenen;Unterdorfstrasse;Kreisprofil 150 / 150mm;Polypropylen;2.8;BCCAY;"Bogen nach unten, Winkel = 45° Pos: 9; Bogen nach links, Winkel = 20°";9;9;;00:01:07;;250
9333-10.1064915;6487 Göschenen;Unterdorfstrasse;Kreisprofil 150 / 150mm;Polypropylen;0.9;BCCAB;"Allgemeinzustand, Fotobeispiel Position Pos: 8; Bogen nach links unten, Winkel = 45°";8;8;;00:00:29;;173
9333-10.1064915;6487 Göschenen;Unterdorfstrasse;Kreisprofil 150 / 150mm;Polypropylen;2.4;BCE;Rohrende, Einlauf in Leitung Position;;;;00:00:46;;174
9788-10417;6487 Göschenen;Unterdorfstrasse;Kreisprofil 200 / 200mm;Polypropylen;3.2;BCCAY;"Allgemeinzustand, Fotobeispiel Position Pos: 9; Bogen nach links, Winkel = 45°";9;9;;00:00:37;;219
9790-10286;6487 Göschenen;Unterdorfstrasse;Kreisprofil 300 / 300mm;Polypropylen;0.0;BCAAA;"Allgemeinzustand, Fotobeispiel Entf. gegen Fließr. 11,80 m Position Pos: 11; Anschluss mit Formstück Entf. gegen Fließr. 14,30 m";11;11;;00:01:53;;81
9790-10286;6487 Göschenen;Unterdorfstrasse;Kreisprofil 300 / 300mm;Polypropylen;0.0;BDA;Allgemeinzustand, Fotobeispiel Entf. gegen Fließr. 20,60 m Position;;;;00:02:44;;82
9861-1042615;6487 Göschenen;Unterdorfstrasse;Kreisprofil 150 / 150mm;Polypropylen;1.6;BDA;Bogen nach unten, Winkel = 20° Allgemeinzustand, Fotobeispiel Position;6;6;;00:00:45;;195
9861-1042615;6487 Göschenen;Unterdorfstrasse;Kreisprofil 150 / 150mm;Polypropylen;3.0;BCCYA;Bogen nach oben, Winkel = 20°, In die Horizontale;12;12;;00:00:56;;196
9866-9327;6487 Göschenen;Unterdorfstrasse;Kreisprofil 125 / 125mm;Polypropylen;0.0;BAAB;"Bogen nach links, Winkel = 45° Entf. gegen Fließr. 1,70 m Pos: 5 - 7; Rohr horizontal deformiert, Querschnittsreduzierung = 3% Entf. gegen Fließr. 3,00 m";5;5;;00:00:51;;138
9866-9327;6487 Göschenen;Unterdorfstrasse;Kreisprofil 125 / 125mm;Polypropylen;0.0;BDA;"Pos: 5 - 7; Allgemeinzustand, Fotobeispiel, Foto 2 zu Station BAA.B Entf. gegen Fließr. 3,00 m Allgemeinzustand, Fotobeispiel Entf. gegen Fließr. 5,80 m Position";5;5;;00:01:33;;140
9866-9327;6487 Göschenen;Unterdorfstrasse;Kreisprofil 125 / 125mm;Polypropylen;0.0;BCCAY;"Bogen nach links oben, Winkel = 45° Entf. gegen Fließr. 8,60 m Pos: 9; Bogen nach links, Winkel = 45° Entf. gegen Fließr. 9,50 m";9;9;;00:02:39;;142
9866-9327;6487 Göschenen;Unterdorfstrasse;Kreisprofil 125 / 125mm;Polypropylen;0.0;BCCAA;"Bogen nach links, Winkel = 30° Entf. gegen Fließr. 10,30 m Pos: 3; Bogen nach links oben, Winkel = 45° Entf. gegen Fließr. 10,90 m";3;3;;00:03:03;;144
9899-1042599;6487 Göschenen;Unterdorfstrasse;Kreisprofil 200 / 200mm;Kunststoff;7.3;BCCAA;"Allgemeinzustand, Fotobeispiel Position Pos: 3; Bogen nach links oben, Winkel = 45°";3;3;;00:02:29;;93
9899-1042599;6487 Göschenen;Unterdorfstrasse;Kreisprofil 200 / 200mm;Kunststoff;10.4;BCCAY;"Allgemeinzustand, Fotobeispiel Position Pos: 9; Bogen nach links, Winkel = 45°";9;9;;00:03:19;;95
9899-1042599;6487 Göschenen;Unterdorfstrasse;Kreisprofil 200 / 200mm;Kunststoff;10.8;AEDXP;Bogen nach links oben, Winkel = 45° Rohrmaterialwechsel: Polypropylen Position;3;3;;00:03:31;;97
9899-1042599;6487 Göschenen;Unterdorfstrasse;Kreisprofil 200 / 200mm;Kunststoff;11.6;BCCAA;"Bogen nach links unten, Winkel = 45° Pos: 3; Bogen nach links oben, Winkel = 45°";3;3;;00:03:58;;99
9906-9906.0;6487 Göschenen;Unterdorfstrasse;Kreisprofil 150 / 150mm;Polypropylen;2.3;BCCAB;"Allgemeinzustand, Fotobeispiel Position Pos: 8; Bogen nach links unten, Winkel = 45°";8;8;;00:00:41;;265
9906-9906.0;6487 Göschenen;Unterdorfstrasse;Kreisprofil 150 / 150mm;Polypropylen;2.7;BCE;Rohrende, Einlauf in Leitung Position;;;;00:00:48;;266
9967-10.1064909;6487 Göschenen;Unterdorfstrasse;Kreisprofil 150 / 150mm;Polypropylen;0.0;BCCYB;"Allgemeinzustand, Fotobeispiel Entf. gegen Fließr. 0,40 m Position Pos: 6; Bogen nach unten, Winkel = 45° Entf. gegen Fließr. 1,10 m";6;6;;00:00:27;;130
9967-10.1064909;6487 Göschenen;Unterdorfstrasse;Kreisprofil 150 / 150mm;Polypropylen;0.0;BCE;Bogen nach links unten, Winkel = 45° Entf. gegen Fließr. 1,40 m Rohrende, Einlauf in Leitung Entf. gegen Fließr. 2,40 m Position;7;7;;00:00:57;;132
